Sr. no.,UserName,BookName,Price,UploadDate
1,guitarocean80,Whispering Shadows,12.99 ,7/9/2022
2,moonhappy94,Enchanted Echoes,15.49 ,29-11-2023
3,moontiger24,Midnight Serenade,11.99 ,31-10-2022
4,chocolatesunny69,Velvet Moonlight,14.99 ,18-10-2023
5,starocean21,Mystic Meadows,13.79 ,17-07-2022
6,coffeebird46,Crimson Silhouette,16.99 ,24-05-2022
7,guitartiger84,Forgotten Melodies,10.99 ,15-01-2023
8,tigerpenguin55,Emerald Enigma,17.49 ,8/9/2022
9,purplestar55,Celestial Harmony,14.29 ,27-06-2023
10,moonhappy75,Shattered Reflections,12.49 ,23-11-2022
11,happychocolate40,Luminous Lullaby,13.99 ,13-09-2023
12,coffeetiger55,Obsidian Twilight,15.99 ,22-12-2022
13,chocolatebird19,Eternal Echo,11.49 ,6/2/2023
14,starbird16,Serendipity Sonata,16.29 ,5/10/2022
15,sunnyocean81,Secret Symphony,14.99 ,29-11-2023
16,tigerocean63,Celestial Secrets,18.49 ,5/6/2023
17,purplebird27,Enigmatic Whispers,12.79 ,17-06-2022
18,starsunny88,Veiled Visions,15.99 ,10/6/2022
19,penguinstar30,Ethereal Reverie,13.49 ,20-11-2023
20,moonpurple76,Tranquil Tempest,14.99 ,27-12-2022
